{"int": 9, "rcv": 3, "send": 8, "evc": [2425, 235225, 38355082825, 3720443034025, 360882974300425, 216699888336817820352786371582110761549775, 21019889168671328574220278043464743870328175, 2038929249361118871699366970216080155421832975, 197776137188028530554838596110959775075917798575, 19184285307238767463819343822763098182364026461775, 1860875674802160443990476350808020523689310566792175, 180504940455809563067076206028377990797863124978840975, 17508979224213527617506391984752665107392723122947574575, 1698370984748712178898120022521008515417094142925914733775, 164741985520625081353117642184537825995458131863813729176175, 15979972595500632891252411291900169121559438790789931730088975, 1550057341763561390451483895314316404791265562706623377818630575, 150355562151065454873793937845488691264752759582542467648407165775, 14584489528653349122758011971012403052681017679506619361895495080175, 1414695484279374864907527161188203096110058714912142078103863022776975], "log_clock": [11.24376903196185237556685778785968, 17.84368187414898005539307671674058, 35.15869872557227512155123826066730, 41.75861156775940280137745718954820, 48.35852440994653048120367611842910, 137.3147503004079942604194694708480, 143.9146631425951219402456883997289, 150.5145759847822496200719073286098, 157.1144888269693772998981262574907, 163.7144016691565049797243451863716, 170.3143145113436326595505641152525, 176.9142273535307603393767830441334, 183.5141401957178880192030019730143, 190.1140530379050156990292209018952, 196.7139658800921433788554398307761, 203.3138787222792710586816587596570, 209.9137915644663987385078776885379, 216.5137044066535264183340966174188, 223.1136172488406540981603155462997, 229.7135300910277817779865344751806], "id": 24}