{"int": 9, "rcv": 2, "send": 9, "evc": [89, 537595102621809, 47845964133341001, 4258290807867349089, 378987881900194068921, 33729921489117272133969, 3001963012531437219923241, 267174708115297912573168449, 23778549022261514219011991961, 2116290862981274765492067284529, 188349886805333454128793988323081, 16763139925674677417462664960754209, 1491919453385046290154177181507124601, 132780831351269119823721769154134089489, 9084209663447183990487126184196726942313060916175597138477092553364104360805695477839265070168645629413891708373612503388766415168823576220897868963220242026087221559130382584005088660897422000957252, 808494660046799375153354230393508697865862421539628145324461237249405288111706897527694591245009461017836362045251512801600210950025298283659910337726601540321762718762604049976452890819870558085195428, 71956024744165144388648526505022274110061755517026904933877050115197070641941913879964818620805842030587436222027384639342418774552251547245732020057667537088636881969871760447904307282968479669582393092, 6404086202230697850589718858946982395795496241015394539115057460252539287132830335316868857251719940722281823760437232901475270935150387704870149785132410800888682495318586679863483348184194690592832985188, 569963671998532108702484978446281433225799165450370113981240113962475996554821899843201328295403074724283082314678913728231299113228384505733443330876784561279092742083354214507850017988393327462762135681732, 50726766807869357674521163081719047557096125725082940144330370142660363693379149086044918218290873650461194326006423321812585621077326221010276456448033825953839254045418525091198651600967006144185830075674148], "log_clock": [6.475733430966397754964280145740076, 48.93351332395155475625178476783558, 55.40924675491795251121606491357566, 61.88498018588435026618034505931574, 68.36071361685074802114462520505582, 74.83644704781714577610890535079590, 81.31218047878354353107318549653598, 87.78791390974994128603746564227606, 94.26364734071633904100174578801614, 100.7393807716827367959660259337562, 107.2151142026491345509303060794963, 113.6908476336155323058945862252364, 120.1665810645819300608588663709765, 126.6423144955483278158231465167166, 660.9251237915105838658576434598864, 667.4008572224769816208219236056265, 673.8765906534433793757862037513666, 680.3523240844097771307504838971067, 686.8280575153761748857147640428468, 693.3037909463425726406790441885869], "id": 23}