{"int": 6, "rcv": 9, "send": 5, "evc": [41, 1681, 309386369, 63944284131289, 13971122695561202321, 572816030518009295161, 23485457251238381101601, 364928851663279908124176337045699054395143361, 14962082918194476233091229818873661230200877801, 35489193032564209735910536454015084698890922320520649563372109135889, 479160123494020662215167685615210602814452715304046526066167475554004712268658217115187096850663, 19645565063254847150821875110223634715392561327465907568712866497714193203014986901722670970877183, 805468167593448733183696879519169023331095014426102210317227526406281921323614462970629509805964503, 5384507822920319010210191081610953784850381325039748691248127761701185324846823571920527845386031505226889903, 1182840040046136034541350367735511401472573462974645220368381343370376117450825245230321983310775684220247851701929983837530215888188415610906473745762500, 48496441641891577416195365077155967460375511981960454035103635078185420815483835054443201315741803053030161919779129337338738851415725040047165423576262500, 6033768145369443144892869178428175255376360320089472573368665917474129085518021743935366201515069447284488603909800352890647427159045220960283350804920868403773816311374730031381962500, 247384493960147168940607636315555185470430773123668375508115302616439292506238891501350014262117847338664032760301814468516544513520854059371617383001755604554726468766363931286660462500, 10142764252366033926564913088937762604287661698070403395832727407274010992755794551555350584746831740885225343172374393209178325054355016434236312703071979786743785219420921182753078962500, 415853334347007390989161436646448266775794129620886539229141823698234450702987576613769373974620101376294239070067350121576311327228555673803688820825951171256495193996257768492876237462500], "log_clock": [5.357552004618083693165971307522910, 10.71510400923616738633194261504582, 28.20483439476979594535646794010437, 45.86188063839724376133593283087933, 63.59908176077536191422993847472193, 68.95663376539344560739590978224484, 74.31418577001152930056188108976775, 148.0324513914803610148724776023465, 153.3900033960984447080384489098694, 224.3965621276494359349634702382684, 317.8436768639302655864956542973498, 323.2012288685483492796616256048727, 328.5587808731664329728275969123956, 361.1970487274452674992677486834424, 508.4972535035019080268323743457110, 513.8548055081199917199983456532339, 610.5059006246849309916178964888340, 615.8634526293030146847838677963569, 621.2210046339210983779498391038798, 626.5785566385391820711158104114027], "id": 12}